{
    "total_runtime": 77.47758316993713,
    "num_documents": 5,
    "input_load_time": 0,
    "workflows": {
        "create_base_text_units": {
            "overall": 0.15733671188354492,
            "0_orderby": 0.003735065460205078,
            "1_zip": 0.001489877700805664,
            "2_aggregate_override": 0.003901243209838867,
            "3_chunk": 0.12262105941772461,
            "4_select": 0.0023250579833984375,
            "5_unroll": 0.0037157535552978516,
            "6_rename": 0.0018818378448486328,
            "7_genid": 0.0030570030212402344,
            "8_unzip": 0.0029060840606689453,
            "9_copy": 0.0026140213012695312,
            "10_filter": 0.007934331893920898
        },
        "create_base_extracted_entities": {
            "overall": 24.798676013946533,
            "0_entity_extract": 24.77399706840515,
            "1_merge_graphs": 0.02256298065185547
        },
        "create_summarized_entities": {
            "overall": 8.695038795471191,
            "0_summarize_descriptions": 8.69269609451294
        },
        "create_base_entity_graph": {
            "overall": 0.02561187744140625,
            "0_cluster_graph": 0.020055055618286133,
            "1_select": 0.002994060516357422
        },
        "create_final_entities": {
            "overall": 1.6939210891723633,
            "0_unpack_graph": 0.007592916488647461,
            "1_rename": 0.004030942916870117,
            "2_select": 0.003304004669189453,
            "3_dedupe": 0.004388093948364258,
            "4_rename": 0.00339508056640625,
            "5_filter": 0.009160757064819336,
            "6_text_split": 0.004316091537475586,
            "7_drop": 0.0038728713989257812,
            "8_merge": 0.009589910507202148,
            "9_text_embed": 1.6208288669586182,
            "10_drop": 0.006348133087158203,
            "11_filter": 0.014137029647827148
        },
        "create_final_nodes": {
            "overall": 0.10839605331420898,
            "0_layout_graph": 0.021767139434814453,
            "1_unpack_graph": 0.009747982025146484,
            "2_unpack_graph": 0.009868144989013672,
            "3_drop": 0.005068063735961914,
            "4_filter": 0.011403083801269531,
            "5_select": 0.0055332183837890625,
            "6_rename": 0.005075931549072266,
            "7_join": 0.009930849075317383,
            "8_convert": 0.020229101181030273,
            "9_rename": 0.005511760711669922
        },
        "create_final_communities": {
            "overall": 0.02683401107788086,
            "0_create_final_communities": 0.021520137786865234
        },
        "create_final_relationships": {
            "overall": 0.024471044540405273,
            "0_create_final_relationships_pre_embedding": 0.010833978652954102,
            "1_create_final_relationships_post_embedding": 0.008079051971435547
        },
        "create_final_text_units": {
            "overall": 0.024834632873535156,
            "0_create_final_text_units_pre_embedding": 0.012511968612670898,
            "1_select": 0.0063741207122802734
        },
        "create_final_community_reports": {
            "overall": 40.55921483039856,
            "0_prepare_community_reports_nodes": 0.0074269771575927734,
            "1_prepare_community_reports_edges": 0.008050918579101562,
            "2_restore_community_hierarchy": 0.008146047592163086,
            "3_prepare_community_reports": 0.0369718074798584,
            "4_create_community_reports": 40.33613705635071,
            "5_window": 0.15592670440673828
        },
        "create_base_documents": {
            "overall": 0.09612607955932617,
            "0_unroll": 0.008735895156860352,
            "1_select": 0.00759124755859375,
            "2_rename": 0.008221864700317383,
            "3_join": 0.009634017944335938,
            "4_aggregate_override": 0.009268999099731445,
            "5_join": 0.011071920394897461,
            "6_rename": 0.008563041687011719,
            "7_convert": 0.02554607391357422
        },
        "create_final_documents": {
            "overall": 0.018650054931640625,
            "0_rename": 0.009868144989013672
        }
    }
}